Name,Wetland
Acorus americanus, OBL
Acorus calamus, OBL
Aeschynomene virginica, OBL
Agarista populifolia, OBL
Alisma gramineum, OBL
Alisma subcordatum, OBL
Alisma triviale, OBL
Alnus maritima, OBL
Alnus serrulata, OBL
Alopecurus aequalis, OBL
Alopecurus geniculatus, OBL
Alternanthera paronychioides, OBL
Alternanthera philoxeroides, OBL
Amaranthus australis, OBL
Amaranthus cannabinus, OBL
Ammannia auriculata, OBL
Ammannia coccinea, OBL
Ammannia latifolia, OBL
Ammannia robusta, OBL
Andromeda polifolia, OBL
Angelica atropurpurea, OBL
Arethusa bulbosa, OBL
Asclepias incarnata, OBL
Asclepias lanceolata, OBL
Asclepias perennis, OBL
Asclepias rubra, OBL
Azolla microphylla, OBL
Azolla pinnata, OBL
Bacopa caroliniana, OBL
Bacopa innominata, OBL
Bacopa monnieri, OBL
Bacopa rotundifolia, OBL
Bartonia paniculata, OBL
Bassia hirsuta, OBL
Beckmannia syzigachne, OBL
Bergia texana, OBL
Betula X, OBL
Betula pumila, OBL
Bidens beckii, OBL
Bidens cernua, OBL
Bidens laevis, OBL
Bidens mitis, OBL
Bidens trichosperma, OBL
Borrichia frutescens, OBL
Brasenia schreberi, OBL
Burmannia biflora, OBL
Burmannia capitata, OBL
Butomus umbellatus, OBL
Cabomba caroliniana, OBL
Calamagrostis coarctata, OBL
Calamovilfa brevipilis, OBL
Calla palustris, OBL
Callicarpa dichotoma, OBL
Callitriche heterophylla, OBL
Callitriche palustris, OBL
Callitriche peploides, OBL
Callitriche stagnalis, OBL
Calopogon pallidus, OBL
Caltha palustris, OBL
Campanula aparinoides, OBL
Canna X, OBL
Canna flaccida, OBL
Canna glauca, OBL
Cardamine bulbosa, OBL
Cardamine clematitis, OBL
Cardamine longii, OBL
Cardamine micranthera, OBL
Cardamine pensylvanica, OBL
Cardamine rotundifolia, OBL
Carex alata, OBL
Carex aquatilis, OBL
Carex arcta, OBL
Carex atherodes, OBL
Carex austrodeflexa, OBL
Carex baileyi, OBL
Carex barrattii, OBL
Carex bebbii, OBL
Carex billingsii, OBL
Carex bullata, OBL
Carex buxbaumii, OBL
Carex canescens, OBL
Carex chordorrhiza, OBL
Carex collinsii, OBL
Carex comosa, OBL
Carex crinita, OBL
Carex crus-corvi, OBL
Carex cryptolepis, OBL
Carex decomposita, OBL
Carex diandra, OBL
Carex echinata, OBL
Carex elliottii, OBL
Carex emoryi, OBL
Carex exilis, OBL
Carex extensa, OBL
Carex flava, OBL
Carex folliculata, OBL
Carex frankii, OBL
Carex gigantea, OBL
Carex glaucescens, OBL
Carex gynandra, OBL
Carex gynocrates, OBL
Carex haydenii, OBL
Carex hormathodes, OBL
Carex hyalinolepis, OBL
Carex hystericina, OBL
Carex interior, OBL
Carex joorii, OBL
Carex lacustris, OBL
Carex laeviconica, OBL
Carex laevivaginata, OBL
Carex lasiocarpa, OBL
Carex leptalea, OBL
Carex limosa, OBL
Carex lonchocarpa, OBL
Carex longii, OBL
Carex louisianica, OBL
Carex lupulina, OBL
Carex lurida, OBL
Carex magellanica, OBL
Carex michauxiana, OBL
Carex mitchelliana, OBL
Carex muskingumensis, OBL
Carex nebrascensis, OBL
Carex oklahomensis, OBL
Carex oligosperma, OBL
Carex ozarkana, OBL
Carex pauciflora, OBL
Carex pedunculata, OBL
Carex pellita, OBL
Carex prasina, OBL
Carex pseudocyperus, OBL
Carex sartwellii, OBL
Carex scabrata, OBL
Carex schweinitzii, OBL
Carex sterilis, OBL
Carex stipata, OBL
Carex straminea, OBL
Carex striata, OBL
Carex stricta, OBL
Carex suberecta, OBL
Carex tenuiflora, OBL
Carex trichocarpa, OBL
Carex trisperma, OBL
Carex tuckermanii, OBL
Carex turgescens, OBL
Carex utriculata, OBL
Carex venusta, OBL
Carex verrucosa, OBL
Carex vesicaria, OBL
Carex viridula, OBL
Carex vulpinoidea, OBL
Carex wiegandii, OBL
Carya X, OBL
Carya aquatica, OBL
Cephalanthus occidentalis, OBL
Ceratophyllum demersum, OBL
Ceratophyllum echinatum, OBL
Ceratophyllum muricatum, OBL
Ceratopteris richardii, OBL
Chamaecyparis thyoides, OBL
Chamaedaphne calyculata, OBL
Chelone cuthbertii, OBL
Chelone glabra, OBL
Chelone obliqua, OBL
Chrysosplenium americanum, OBL
Cicuta bulbifera, OBL
Cicuta maculata, OBL
Cirsium muticum, OBL
Cladium mariscoides, OBL
Cliftonia monophylla, OBL
Coelorachis rugosa, OBL
Comarum palustre, OBL
Crassula aquatica, OBL
Crataegus brachyacantha, OBL
Cyperus acuminatus, OBL
Cyperus articulatus, OBL
Cyperus difformis, OBL
Cyperus distans, OBL
Cyperus filicinus, OBL
Cyperus flavescens, OBL
Cyperus haspan, OBL
Cyperus serotinus, OBL
Cypripedium candidum, OBL
Danthonia epilis, OBL
Decodon verticillatus, OBL
Decumaria barbara, OBL
Dichanthelium erectifolium, OBL
Dichanthelium scabriusculum, OBL
Didiplis diandra, OBL
Drosera brevifolia, OBL
Drosera capillaris, OBL
Drosera filiformis, OBL
Drosera intermedia, OBL
Drosera rotundifolia, OBL
Dryopteris celsa, OBL
Dulichium arundinaceum, OBL
Echinodorus berteroi, OBL
Echinodorus cordifolius, OBL
Egeria densa, OBL
Eichhornia crassipes, OBL
Elatine americana, OBL
Elatine brachysperma, OBL
Elatine minima, OBL
Eleocharis acicularis, OBL
Eleocharis aestuum, OBL
Eleocharis albida, OBL
Eleocharis baldwinii, OBL
Eleocharis compressa, OBL
Eleocharis dulcis, OBL
Eleocharis equisetoides, OBL
Eleocharis fallax, OBL
Eleocharis flavescens, OBL
Eleocharis halophila, OBL
Eleocharis microcarpa, OBL
Eleocharis obtusa, OBL
Eleocharis olivacea, OBL
Eleocharis palustris, OBL
Eleocharis parvula, OBL
Eleocharis quadrangulata, OBL
Eleocharis quinqueflora, OBL
Eleocharis radicans, OBL
Eleocharis robbinsii, OBL
Eleocharis rostellata, OBL
Eleocharis tricostata, OBL
Eleocharis tuberculosa, OBL
Eleocharis vivipara, OBL
Eleocharis wolfii, OBL
Elodea canadensis, OBL
Elodea nuttallii, OBL
Elodea schweinitzii, OBL
Epilobium leptophyllum, OBL
Epilobium palustre, OBL
Epilobium parviflorum, OBL
Epilobium strictum, OBL
Epipactis gigantea, OBL
Equisetum X, OBL
Equisetum fluviatile, OBL
Eragrostis hypnoides, OBL
Eragrostis japonica, OBL
Erigeron vernus, OBL
Eriocaulon aquaticum, OBL
Eriocaulon cinereum, OBL
Eriocaulon compressum, OBL
Eriocaulon decangulare, OBL
Eriocaulon koernickianum, OBL
Eriocaulon lineare, OBL
Eriocaulon parkeri, OBL
Eriocaulon ravenelii, OBL
Eriocaulon texense, OBL
Eriophorum angustifolium, OBL
Eriophorum gracile, OBL
Eriophorum tenellum, OBL
Eriophorum vaginatum, OBL
Eriophorum virginicum, OBL
Eriophorum viridicarinatum, OBL
Eryngium aquaticum, OBL
Eryngium prostratum, OBL
Eupatorium resinosum, OBL
Eurybia radula, OBL
Fimbristylis castanea, OBL
Fimbristylis dichotoma, OBL
Fimbristylis littoralis, OBL
Fimbristylis perpusilla, OBL
Fimbristylis puberula, OBL
Fimbristylis vahlii, OBL
Forestiera acuminata, OBL
Fraxinus caroliniana, OBL
Fraxinus profunda, OBL
Fuirena breviseta, OBL
Fuirena pumila, OBL
Fuirena simplex, OBL
Fuirena squarrosa, OBL
Galium asprellum, OBL
Galium labradoricum, OBL
Galium palustre, OBL
Galium tinctorium, OBL
Gaylussacia bigeloviana, OBL
Gaylussacia orocola, OBL
Gentiana catesbaei, OBL
Gentiana linearis, OBL
Gentianopsis crinita, OBL
Geum rivale, OBL
Gleditsia aquatica, OBL
Glossostigma cleistanthum, OBL
Glyceria acutiflora, OBL
Glyceria arkansana, OBL
Glyceria borealis, OBL
Glyceria canadensis, OBL
Glyceria fluitans, OBL
Glyceria grandis, OBL
Glyceria melicaria, OBL
Glyceria nubigena, OBL
Glyceria obtusa, OBL
Glyceria septentrionalis, OBL
Glyceria striata, OBL
Gratiola amphiantha, OBL
Gratiola aurea, OBL
Gratiola floridana, OBL
Gratiola neglecta, OBL
Gratiola virginiana, OBL
Gratiola viscidula, OBL
Habenaria repens, OBL
Harperella fluviatilis, OBL
Harperella nodosa, OBL
Harperella vivipara, OBL
Helanthium tenellum, OBL
Helenium brevifolium, OBL
Helenium pinnatifidum, OBL
Helenium virginicum, OBL
Helianthus heterophyllus, OBL
Helianthus verticillatus, OBL
Heliotropium curassavicum, OBL
Helonias bullata, OBL
Helosciadium nodiflorum, OBL
Heteranthera dubia, OBL
Heteranthera limosa, OBL
Heteranthera reniformis, OBL
Hibiscus coccineus, OBL
Hibiscus laevis, OBL
Hibiscus moscheutos, OBL
Hottonia inflata, OBL
Hydrilla verticillata, OBL
Hydrocharis morsus-ranae, OBL
Hydrocotyle americana, OBL
Hydrocotyle prolifera, OBL
Hydrocotyle ranunculoides, OBL
Hydrocotyle umbellata, OBL
Hydrocotyle verticillata, OBL
Hydrolea ovata, OBL
Hydrolea quadrivalvis, OBL
Hydrolea uniflora, OBL
Hymenocallis coronaria, OBL
Hymenocallis crassifolia, OBL
Hymenocallis liriosme, OBL
Hypericum adpressum, OBL
Hypericum boreale, OBL
Hypericum ellipticum, OBL
Hypericum fraseri, OBL
Hypericum galioides, OBL
Hypericum gymnanthum, OBL
Hypericum nitidum, OBL
Hypericum setosum, OBL
Hypericum tubulosum, OBL
Hypericum virginicum, OBL
Hypericum walteri, OBL
Hyptis alata, OBL
Ilex amelanchier, OBL
Ilex laevigata, OBL
Iris brevicaulis, OBL
Iris fulva, OBL
Iris prismatica, OBL
Iris pseudacorus, OBL
Iris savannarum, OBL
Iris tridentata, OBL
Iris versicolor, OBL
Iris virginica, OBL
Isoetes X, OBL
Isoetes X, OBL
Isoetes X, OBL
Isoetes X, OBL
Isoetes X, OBL
Isoetes X, OBL
Isoetes X, OBL
Isoetes X, OBL
Isoetes acadiensis, OBL
Isoetes appalachiana, OBL
Isoetes echinospora, OBL
Isoetes engelmannii, OBL
Isoetes hyemalis, OBL
Isoetes lacustris, OBL
Isoetes melanopoda, OBL
Isoetes melanospora, OBL
Isoetes piedmontana, OBL
Isoetes riparia, OBL
Isoetes saccharata, OBL
Isoetes tegetiformans, OBL
Isoetes tennesseensis, OBL
Isoetes tuckermanii, OBL
Isoetes valida, OBL
Isoetes virginica, OBL
Isolepis pseudosetacea, OBL
Isolepis setacea, OBL
Itea virginica, OBL
Jamesianthus alabamensis, OBL
Juncus abortivus, OBL
Juncus acuminatus, OBL
Juncus alpinoarticulatus, OBL
Juncus articulatus, OBL
Juncus balticus, OBL
Juncus brachycephalus, OBL
Juncus brevicaudatus, OBL
Juncus caesariensis, OBL
Juncus canadensis, OBL
Juncus debilis, OBL
Juncus gymnocarpus, OBL
Juncus longii, OBL
Juncus megacephalus, OBL
Juncus militaris, OBL
Juncus nodatus, OBL
Juncus nodosus, OBL
Juncus pallidus, OBL
Juncus pelocarpus, OBL
Juncus polycephalos, OBL
Juncus pylaei, OBL
Juncus repens, OBL
Juncus roemerianus, OBL
Juncus subcaudatus, OBL
Juncus trigonocarpus, OBL
Justicia americana, OBL
Justicia crassifolia, OBL
Justicia lanceolata, OBL
Justicia ovata, OBL
Kalmia polifolia, OBL
Kosteletzkya pentacarpos, OBL
Lachnanthes caroliniana, OBL
Lachnocaulon anceps, OBL
Lachnocaulon minus, OBL
Landoltia punctata, OBL
Leavenworthia torulosa, OBL
Leersia hexandra, OBL
Leersia lenticularis, OBL
Leersia oryzoides, OBL
Lemna aequinoctialis, OBL
Lemna minor, OBL
Lemna minuta, OBL
Lemna obscura, OBL
Lemna perpusilla, OBL
Lemna trisulca, OBL
Lemna turionifera, OBL
Lemna valdiviana, OBL
Leucospora multifida, OBL
Lilaeopsis carolinensis, OBL
Lilaeopsis chinensis, OBL
Lilium pyrophilum, OBL
Limnobium spongia, OBL
Limnosciadium pumilum, OBL
Limonium carolinianum, OBL
Limosella australis, OBL
Lindera melissifolia, OBL
Lindera subcoriacea, OBL
Lindernia dubia, OBL
Lindernia monticola, OBL
Lipocarpha drummondii, OBL
Lipocarpha maculata, OBL
Litsea aestivalis, OBL
Littorella americana, OBL
Lobelia amoena, OBL
Lobelia boykinii, OBL
Lobelia canbyi, OBL
Lobelia dortmanna, OBL
Lobelia elongata, OBL
Lobelia flaccidifolia, OBL
Lobelia glandulosa, OBL
Lobelia kalmii, OBL
Lonicera oblongifolia, OBL
Ludwigia arcuata, OBL
Ludwigia bonariensis, OBL
Ludwigia brevipes, OBL
Ludwigia decurrens, OBL
Ludwigia glandulosa, OBL
Ludwigia grandiflora, OBL
Ludwigia hirtella, OBL
Ludwigia leptocarpa, OBL
Ludwigia linearis, OBL
Ludwigia microcarpa, OBL
Ludwigia octovalvis, OBL
Ludwigia palustris, OBL
Ludwigia peploides, OBL
Ludwigia peruviana, OBL
Ludwigia pilosa, OBL
Ludwigia polycarpa, OBL
Ludwigia repens, OBL
Ludwigia spathulata, OBL
Ludwigia sphaerocarpa, OBL
Ludwigia suffruticosa, OBL
Ludwigia virgata, OBL
Luziola fluitans, OBL
Lycopodiella inundata, OBL
Lycopodiella prostrata, OBL
Lycopus X, OBL
Lycopus americanus, OBL
Lycopus amplectens, OBL
Lycopus cokeri, OBL
Lycopus europaeus, OBL
Lycopus rubellus, OBL
Lycopus uniflorus, OBL
Lycopus virginicus, OBL
Lysimachia asperulifolia, OBL
Lysimachia hybrida, OBL
Lysimachia loomisii, OBL
Lysimachia punctata, OBL
Lysimachia radicans, OBL
Lysimachia terrestris, OBL
Lysimachia thyrsiflora, OBL
Lythrum californicum, OBL
Lythrum hyssopifolium, OBL
Lythrum lineare, OBL
Macbridea caroliniana, OBL
Macranthera flammea, OBL
Maianthemum trifolium, OBL
Marshallia graminifolia, OBL
Marsilea minuta, OBL
Marsilea mutica, OBL
Marsilea quadrifolia, OBL
Marsilea vestita, OBL
Mayaca fluviatilis, OBL
Mecardonia acuminata, OBL
Mentha X, OBL
Mentha pulegium, OBL
Menyanthes trifoliata, OBL
Micranthemum micranthemoides, OBL
Micranthemum umbrosum, OBL
Micranthes micranthidifolia, OBL
Micranthes pensylvanica, OBL
Micropolypodium nimbatum, OBL
Mimulus alatus, OBL
Mimulus floribundus, OBL
Mimulus glabratus, OBL
Mimulus guttatus, OBL
Mimulus moschatus, OBL
Mimulus ringens, OBL
Muhlenbergia uniflora, OBL
Murdannia keisak, OBL
Myosotis laxa, OBL
Myosotis scorpioides, OBL
Myrica gale, OBL
Myriophyllum aquaticum, OBL
Myriophyllum farwellii, OBL
Myriophyllum heterophyllum, OBL
Myriophyllum humile, OBL
Myriophyllum laxum, OBL
Myriophyllum pinnatum, OBL
Myriophyllum sibiricum, OBL
Myriophyllum spicatum, OBL
Myriophyllum tenellum, OBL
Myriophyllum verticillatum, OBL
Najas flexilis, OBL
Najas gracillima, OBL
Najas guadalupensis, OBL
Najas marina, OBL
Najas minor, OBL
Nasturtium microphyllum, OBL
Nasturtium officinale, OBL
Nelumbo lutea, OBL
Nelumbo nucifera, OBL
Nemopanthus mucronatus, OBL
Nuphar X, OBL
Nuphar advena, OBL
Nuphar microphylla, OBL
Nuphar sagittifolia, OBL
Nuphar variegata, OBL
Nymphaea X, OBL
Nymphaea X, OBL
Nymphaea mexicana, OBL
Nymphaea odorata, OBL
Nymphoides aquatica, OBL
Nymphoides cordata, OBL
Nymphoides peltata, OBL
Nyssa aquatica, OBL
Nyssa ogeche, OBL
Oenanthe aquatica, OBL
Oenanthe javanica, OBL
Orontium aquaticum, OBL
Oryza sativa, OBL
Osmunda spectabilis, OBL
Ottelia alismoides, OBL
Oxypolis rigidior, OBL
Packera glabella, OBL
Panicum paludosum, OBL
Parnassia asarifolia, OBL
Parnassia caroliniana, OBL
Parnassia glauca, OBL
Parnassia grandifolia, OBL
Paspalidium geminatum, OBL
Paspalum acuminatum, OBL
Paspalum denticulatum, OBL
Paspalum dissectum, OBL
Paspalum repens, OBL
Paspalum vaginatum, OBL
Peltandra sagittifolia, OBL
Peltandra virginica, OBL
Penthorum sedoides, OBL
Pentodon pentandrus, OBL
Persicaria amphibia, OBL
Persicaria arifolia, OBL
Persicaria glabra, OBL
Persicaria hirsuta, OBL
Persicaria hydropiper, OBL
Persicaria hydropiperoides, OBL
Persicaria minor, OBL
Persicaria punctata, OBL
Persicaria robustior, OBL
Persicaria sagittata, OBL
Persicaria setacea, OBL
Phanopyrum gymnocarpon, OBL
Phyla lanceolata, OBL
Pilularia americana, OBL
Pinguicula caerulea, OBL
Pinguicula planifolia, OBL
Pinguicula primuliflora, OBL
Pinguicula pumila, OBL
Pinguicula vulgaris, OBL
Pinus serotina, OBL
Pistia stratiotes, OBL
Plagiobothrys figuratus, OBL
Planera aquatica, OBL
Plantago cordata, OBL
Platanthera X, OBL
Platanthera blephariglottis, OBL
Platanthera huronensis, OBL
Platanthera integra, OBL
Platanthera integrilabia, OBL
Pleea tenuifolia, OBL
Pluchea foetida, OBL
Podostemum ceratophyllum, OBL
Pogonia ophioglossoides, OBL
Polygala cymosa, OBL
Polygonum argyrocoleon, OBL
Pontederia cordata, OBL
Ponthieva racemosa, OBL
Populus heterophylla, OBL
Potamogeton X, OBL
Potamogeton X, OBL
Potamogeton X, OBL
Potamogeton X, OBL
Potamogeton X, OBL
Potamogeton X, OBL
Potamogeton alpinus, OBL
Potamogeton amplifolius, OBL
Potamogeton berchtoldii, OBL
Potamogeton bicupulatus, OBL
Potamogeton confervoides, OBL
Potamogeton crispus, OBL
Potamogeton diversifolius, OBL
Potamogeton epihydrus, OBL
Potamogeton foliosus, OBL
Potamogeton friesii, OBL
Potamogeton gramineus, OBL
Potamogeton hillii, OBL
Potamogeton illinoensis, OBL
Potamogeton natans, OBL
Potamogeton nodosus, OBL
Potamogeton oakesianus, OBL
Potamogeton oblongus, OBL
Potamogeton obtusifolius, OBL
Potamogeton perfoliatus, OBL
Potamogeton praelongus, OBL
Potamogeton pulcher, OBL
Potamogeton pusillus, OBL
Potamogeton richardsonii, OBL
Potamogeton robbinsii, OBL
Potamogeton spirillus, OBL
Potamogeton strictifolius, OBL
Potamogeton tennesseensis, OBL
Potamogeton vaseyi, OBL
Potamogeton zosteriformis, OBL
Potentilla anserina, OBL
Potentilla supina, OBL
Proserpinaca intermedia, OBL
Proserpinaca palustris, OBL
Proserpinaca pectinata, OBL
Ptilimnium capillaceum, OBL
Puccinellia distans, OBL
Puccinellia fasciculata, OBL
Puccinellia maritima, OBL
Quercus lyrata, OBL
Quercus texana, OBL
Ranunculus ambigens, OBL
Ranunculus flabellaris, OBL
Ranunculus hederaceus, OBL
Ranunculus laxicaulis, OBL
Ranunculus longirostris, OBL
Ranunculus pensylvanicus, OBL
Ranunculus pusillus, OBL
Ranunculus sceleratus, OBL
Ranunculus trichophyllus, OBL
Rhamnus alnifolia, OBL
Rhexia aristosa, OBL
Rhexia mariana, OBL
Rhexia nashii, OBL
Rhexia petiolata, OBL
Rhexia virginica, OBL
Rhizophora mangle, OBL
Rhododendron groenlandicum, OBL
Rhynchospora alba, OBL
Rhynchospora caduca, OBL
Rhynchospora capillacea, OBL
Rhynchospora capitellata, OBL
Rhynchospora careyana, OBL
Rhynchospora cephalantha, OBL
Rhynchospora chalarocephala, OBL
Rhynchospora chapmanii, OBL
Rhynchospora ciliaris, OBL
Rhynchospora corniculata, OBL
Rhynchospora crinipes, OBL
Rhynchospora curtissii, OBL
Rhynchospora debilis, OBL
Rhynchospora decurrens, OBL
Rhynchospora divergens, OBL
Rhynchospora fascicularis, OBL
Rhynchospora fusca, OBL
Rhynchospora galeana, OBL
Rhynchospora glomerata, OBL
Rhynchospora gracilenta, OBL
Rhynchospora harperi, OBL
Rhynchospora inundata, OBL
Rhynchospora leptocarpa, OBL
Rhynchospora macra, OBL
Rhynchospora macrostachya, OBL
Rhynchospora miliacea, OBL
Rhynchospora mixta, OBL
Rhynchospora nitens, OBL
Rhynchospora odorata, OBL
Rhynchospora oligantha, OBL
Rhynchospora pallida, OBL
Rhynchospora pleiantha, OBL
Rhynchospora rariflora, OBL
Rhynchospora scirpoides, OBL
Rhynchospora wrightiana, OBL
Ribes triste, OBL
Rorippa aquatica, OBL
Rorippa palustris, OBL
Rorippa sessiliflora, OBL
Rosa palustris, OBL
Rotala indica, OBL
Rotala ramosior, OBL
Rotala rotundifolia, OBL
Rumex britannica, OBL
Rumex fueginus, OBL
Rumex occidentalis, OBL
Rumex verticillatus, OBL
Ruppia cirrhosa, OBL
Ruppia maritima, OBL
Sabatia calycina, OBL
Sabatia difformis, OBL
Sabatia dodecandra, OBL
Sabatia gentianoides, OBL
Sabatia kennedyana, OBL
Saccharum baldwinii, OBL
Saccharum brevibarbe, OBL
Sacciolepis striata, OBL
Sagittaria ambigua, OBL
Sagittaria australis, OBL
Sagittaria brevirostra, OBL
Sagittaria calycina, OBL
Sagittaria cuneata, OBL
Sagittaria engelmanniana, OBL
Sagittaria fasciculata, OBL
Sagittaria filiformis, OBL
Sagittaria graminea, OBL
Sagittaria isoetiformis, OBL
Sagittaria lancifolia, OBL
Sagittaria latifolia, OBL
Sagittaria macrocarpa, OBL
Sagittaria papillosa, OBL
Sagittaria platyphylla, OBL
Sagittaria rigida, OBL
Sagittaria secundifolia, OBL
Sagittaria spathulata, OBL
Sagittaria subulata, OBL
Sagittaria teres, OBL
Sagittaria weatherbiana, OBL
Salicornia bigelovii, OBL
Salicornia depressa, OBL
Salicornia rubra, OBL
Salix candida, OBL
Salix caprea, OBL
Salix caroliniana, OBL
Salix nigra, OBL
Salix pedicellaris, OBL
Salix sericea, OBL
Salix serissima, OBL
Salvinia minima, OBL
Salvinia molesta, OBL
Salvinia natans, OBL
Samolus parviflorus, OBL
Samolus valerandi, OBL
Sarcocornia ambigua, OBL
Sarracenia alabamensis, OBL
Sarracenia flava, OBL
Sarracenia jonesii, OBL
Sarracenia leucophylla, OBL
Sarracenia minor, OBL
Sarracenia oreophila, OBL
Sarracenia purpurea, OBL
Sarracenia rosea, OBL
Sarracenia rubra, OBL
Saururus cernuus, OBL
Scheuchzeria palustris, OBL
Schoenolirion croceum, OBL
Schoenolirion wrightii, OBL
Schoenoplectus acutus, OBL
Schoenoplectus americanus, OBL
Schoenoplectus californicus, OBL
Schoenoplectus etuberculatus, OBL
Schoenoplectus fluviatilis, OBL
Schoenoplectus glaucus, OBL
Schoenoplectus hallii, OBL
Schoenoplectus heterochaetus, OBL
Schoenoplectus lacustris, OBL
Schoenoplectus maritimus, OBL
Schoenoplectus mucronatus, OBL
Schoenoplectus novae-angliae, OBL
Schoenoplectus pungens, OBL
Schoenoplectus purshianus, OBL
Schoenoplectus robustus, OBL
Schoenoplectus saximontanus, OBL
Schoenoplectus smithii, OBL
Schoenoplectus subterminalis, OBL
Schoenoplectus tabernaemontani, OBL
Schoenoplectus torreyi, OBL
Scirpoides holoschoenus, OBL
Scirpus ancistrochaetus, OBL
Scirpus atrovirens, OBL
Scirpus divaricatus, OBL
Scirpus expansus, OBL
Scirpus flaccidifolius, OBL
Scirpus georgianus, OBL
Scirpus hattorianus, OBL
Scirpus longii, OBL
Scirpus microcarpus, OBL
Scirpus pallidus, OBL
Scirpus pedicellatus, OBL
Scirpus pendulus, OBL
Scirpus polyphyllus, OBL
Scleria brittonii, OBL
Scleria reticularis, OBL
Scleria verticillata, OBL
Sclerolepis uniflora, OBL
Scutellaria galericulata, OBL
Scutellaria racemosa, OBL
Selaginella uncinata, OBL
Sium carsonii, OBL
Sium suave, OBL
Smilax laurifolia, OBL
Smilax walteri, OBL
Solidago gracillima, OBL
Solidago latissimifolia, OBL
Solidago ohioensis, OBL
Solidago patula, OBL
Solidago riddellii, OBL
Solidago uliginosa, OBL
Solidago verna, OBL
Sparganium americanum, OBL
Sparganium androcladum, OBL
Sparganium angustifolium, OBL
Sparganium emersum, OBL
Sparganium eurycarpum, OBL
Sparganium fluctuans, OBL
Sparganium natans, OBL
Spartina X, OBL
Spartina alterniflora, OBL
Spartina cynosuroides, OBL
Spartina pectinata, OBL
Spergularia marina, OBL
Sphenoclea zeylanica, OBL
Sphenopholis pensylvanica, OBL
Spiranthes laciniata, OBL
Spiranthes longilabris, OBL
Spiranthes odorata, OBL
Spiranthes praecox, OBL
Spiranthes romanzoffiana, OBL
Spirodela polyrhiza, OBL
Stachys appalachiana, OBL
Stachys palustris, OBL
Stellaria alsine, OBL
Stenanthium densum, OBL
Stenanthium leimanthoides, OBL
Stuckenia filiformis, OBL
Stuckenia pectinata, OBL
Stuckenia vaginata, OBL
Styrax americanus, OBL
Suaeda linearis, OBL
Suaeda maritima, OBL
Symphyotrichum bahamense, OBL
Symphyotrichum boreale, OBL
Symphyotrichum divaricatum, OBL
Symphyotrichum elliottii, OBL
Symphyotrichum expansum, OBL
Symphyotrichum puniceum, OBL
Symphyotrichum squamatum, OBL
Symphyotrichum subulatum, OBL
Symphyotrichum tenuifolium, OBL
Symplocarpus foetidus, OBL
Taxodium ascendens, OBL
Taxodium distichum, OBL
Thalia dealbata, OBL
Thalia geniculata, OBL
Tiedemannia canbyi, OBL
Torreyochloa pallida, OBL
Toxicodendron vernix, OBL
Trapa natans, OBL
Triantha glutinosa, OBL
Triantha racemosa, OBL
Trichophorum caespitosum, OBL
Triglochin maritima, OBL
Triglochin palustris, OBL
Trollius laxus, OBL
Typha X, OBL
Typha angustifolia, OBL
Typha domingensis, OBL
Typha latifolia, OBL
Utricularia cornuta, OBL
Utricularia floridana, OBL
Utricularia foliosa, OBL
Utricularia geminiscapa, OBL
Utricularia gibba, OBL
Utricularia inflata, OBL
Utricularia intermedia, OBL
Utricularia juncea, OBL
Utricularia macrorhiza, OBL
Utricularia minor, OBL
Utricularia olivacea, OBL
Utricularia purpurea, OBL
Utricularia radiata, OBL
Utricularia resupinata, OBL
Utricularia striata, OBL
Utricularia subulata, OBL
Vaccinium caesariense, OBL
Vaccinium formosum, OBL
Vaccinium macrocarpon, OBL
Vaccinium oxycoccos, OBL
Valeriana uliginosa, OBL
Vallisneria americana, OBL
Veronica americana, OBL
Veronica anagallis-aquatica, OBL
Veronica beccabunga, OBL
Veronica scutellata, OBL
Viburnum nudum, OBL
Viola lanceolata, OBL
Wolffia borealis, OBL
Wolffia brasiliensis, OBL
Wolffia columbiana, OBL
Wolffia globosa, OBL
Wolffiella gladiata, OBL
Woodwardia virginica, OBL
Xyris ambigua, OBL
Xyris baldwiniana, OBL
Xyris brevifolia, OBL
Xyris chapmanii, OBL
Xyris difformis, OBL
Xyris elliottii, OBL
Xyris fimbriata, OBL
Xyris flabelliformis, OBL
Xyris jupicai, OBL
Xyris laxifolia, OBL
Xyris louisianica, OBL
Xyris montana, OBL
Xyris platylepis, OBL
Xyris scabrifolia, OBL
Xyris smalliana, OBL
Xyris tennesseensis, OBL
Xyris torta, OBL
Zannichellia palustris, OBL
Zigadenus glaberrimus, OBL
Zizania aquatica, OBL
Zizania palustris, OBL
Zizaniopsis miliacea, OBL
Zostera marina, OBL
Acer saccharinum, FACW
Acmella repens, FACW
Aeschynomene indica, FACW
Agalinis aphylla, FACW
Agalinis linifolia, FACW
Agalinis maritima, FACW
Agalinis paupercula, FACW
Agalinis purpurea, FACW
Agalinis tenella, FACW
Agrimonia parviflora, FACW
Agrostis exarata, FACW
Agrostis gigantea, FACW
Agrostis stolonifera, FACW
Aletris aurea, FACW
Aletris lutea, FACW
Alnus glutinosa, FACW
Alocasia macrorrhizos, FACW
Alopecurus arundinaceus, FACW
Alopecurus carolinianus, FACW
Alopecurus myosuroides, FACW
Alopecurus pratensis, FACW
Althaea officinalis, FACW
Amaranthus pumilus, FACW
Amaranthus tuberculatus, FACW
Amelanchier intermedia, FACW
Amorpha fruticosa, FACW
Amorpha georgiana, FACW
Amorpha paniculata, FACW
Ampelaster carolinianus, FACW
Ampelopsis arborea, FACW
Amphicarpum amphicarpon, FACW
Amphicarpum muehlenbergianum, FACW
Andropogon glaucopsis, FACW
Andropogon glomeratus, FACW
Andropogon hirsutior, FACW
Andropogon mohrii, FACW
Anemone canadensis, FACW
Anthoxanthum hirtum, FACW
Apios americana, FACW
Arisaema dracontium, FACW
Arisaema triphyllum, FACW
Arnoglossum plantagineum, FACW
Aronia arbutifolia, FACW
Aronia prunifolia, FACW
Arundinaria gigantea, FACW
Arundinaria tecta, FACW
Asclepias viridula, FACW
Asplenium abscissum, FACW
Atriplex patula, FACW
Atriplex prostrata, FACW
Axonopus compressus, FACW
Axonopus fissifolius, FACW
Axonopus furcatus, FACW
Baccharis halimifolia, FACW
Balduina atropurpurea, FACW
Balduina uniflora, FACW
Bartonia virginica, FACW
Berchemia scandens, FACW
Betula nigra, FACW
Bidens aristosa, FACW
Bidens bidentoides, FACW
Bidens discoidea, FACW
Bidens eatonii, FACW
Bidens frondosa, FACW
Bidens pilosa, FACW
Bidens tenuisecta, FACW
Bidens tripartita, FACW
Bigelowia nudata, FACW
Boehmeria cylindrica, FACW
Boltonia asteroides, FACW
Boltonia caroliniana, FACW
Boltonia montana, FACW
Botrychium lanceolatum, FACW
Boykinia aconitifolia, FACW
Briza minor, FACW
Bromus ciliatus, FACW
Bromus latiglumis, FACW
Brunnichia ovata, FACW
Calamagrostis canadensis, FACW
Calamagrostis pickeringii, FACW
Calamagrostis stricta, FACW
Calamovilfa arcuata, FACW
Calibrachoa parviflora, FACW
Callitriche pedunculosa, FACW
Callitriche terrestris, FACW
Calopogon barbatus, FACW
Calopogon tuberosus, FACW
Calycocarpum lyonii, FACW
Calydorea coelestina, FACW
Canna indica, FACW
Cardamine douglassii, FACW
Carex albolutescens, FACW
Carex alopecoidea, FACW
Carex annectens, FACW
Carex atlantica, FACW
Carex aurea, FACW
Carex basiantha, FACW
Carex bromoides, FACW
Carex brunnescens, FACW
Carex bulbostylis, FACW
Carex bushii, FACW
Carex caroliniana, FACW
Carex chapmanii, FACW
Carex cherokeensis, FACW
Carex conjuncta, FACW
Carex corrugata, FACW
Carex crawei, FACW
Carex crebriflora, FACW
Carex cristatella, FACW
Carex disperma, FACW
Carex fissa, FACW
Carex granularis, FACW
Carex gravida, FACW
Carex grayi, FACW
Carex hyalina, FACW
Carex intumescens, FACW
Carex leptonervia, FACW
Carex lupuliformis, FACW
Carex microdonta, FACW
Carex normalis, FACW
Carex opaca, FACW
Carex oxylepis, FACW
Carex pallescens, FACW
Carex pigra, FACW
Carex praegracilis, FACW
Carex prairea, FACW
Carex projecta, FACW
Carex reniformis, FACW
Carex retrorsa, FACW
Carex scoparia, FACW
Carex seorsa, FACW
Carex squarrosa, FACW
Carex styloflexa, FACW
Carex tetanica, FACW
Carex tetrastachya, FACW
Carex torta, FACW
Carex triangularis, FACW
Carex tribuloides, FACW
Carex typhina, FACW
Carphephorus odoratissimus, FACW
Carphephorus paniculatus, FACW
Carphephorus tomentosus, FACW
Carya myristiciformis, FACW
Celtis laevigata, FACW
Centella erecta, FACW
Chaerophyllum procumbens, FACW
Chaptalia tomentosa, FACW
Chasmanthium nitidum, FACW
Chelone lyonii, FACW
Chenopodium glaucum, FACW
Chenopodium macrospermum, FACW
Chenopodium rubrum, FACW
Cinna arundinacea, FACW
Cinna latifolia, FACW
Circaea alpina, FACW
Cirsium lecontei, FACW
Cirsium virginianum, FACW
Clematis crispa, FACW
Clematis ligusticifolia, FACW
Coix lacryma-jobi, FACW
Coleataenia rigidula, FACW
Coleataenia stipitata, FACW
Coleataenia tenera, FACW
Colocasia esculenta, FACW
Commelina diffusa, FACW
Commelina virginica, FACW
Conioselinum chinense, FACW
Conium maculatum, FACW
Conradina verticillata, FACW
Coptis trifolia, FACW
Corallorhiza trifida, FACW
Coreopsis falcata, FACW
Coreopsis gladiata, FACW
Coreopsis linifolia, FACW
Coreopsis rosea, FACW
Cornus alba, FACW
Cornus amomum, FACW
Cornus asperifolia, FACW
Cornus foemina, FACW
Cornus obliqua, FACW
Crataegus viridis, FACW
Crocosmia X, FACW
Croton elliottii, FACW
Crypsis alopecuroides, FACW
Crypsis schoenoides, FACW
Ctenium aromaticum, FACW
Cynosciadium digitatum, FACW
Cyperus bipartitus, FACW
Cyperus cuspidatus, FACW
Cyperus dentatus, FACW
Cyperus diandrus, FACW
Cyperus entrerianus, FACW
Cyperus eragrostis, FACW
Cyperus erythrorhizos, FACW
Cyperus esculentus, FACW
Cyperus granitophilus, FACW
Cyperus involucratus, FACW
Cyperus iria, FACW
Cyperus lecontei, FACW
Cyperus ochraceus, FACW
Cyperus odoratus, FACW
Cyperus pilosus, FACW
Cyperus polystachyos, FACW
Cyperus prolifer, FACW
Cyperus pseudovegetus, FACW
Cyperus squarrosus, FACW
Cyperus strigosus, FACW
Cyperus surinamensis, FACW
Cyperus virens, FACW
Cypripedium X, FACW
Cypripedium parviflorum, FACW
Cypripedium reginae, FACW
Cyrilla racemiflora, FACW
Dasiphora fruticosa, FACW
Dentella repens, FACW
Deparia petersenii, FACW
Deschampsia caespitosa, FACW
Diamorpha smallii, FACW
Dichanthelium leucothrix, FACW
Dichanthelium scoparium, FACW
Dichondra carolinensis, FACW
Dicliptera brachiata, FACW
Dinebra panicea, FACW
Dinebra panicoides, FACW
Diodia virginiana, FACW
Dionaea muscipula, FACW
Diplachne fusca, FACW
Distichlis spicata, FACW
Ditrysinia fruticosa, FACW
Doellingeria sericocarpoides, FACW
Doellingeria umbellata, FACW
Dryopteris X, FACW
Dryopteris X, FACW
Dryopteris X, FACW
Dryopteris clintoniana, FACW
Dryopteris cristata, FACW
Dryopteris ludoviciana, FACW
Echinochloa colona, FACW
Echinochloa crus-pavonis, FACW
Echinochloa muricata, FACW
Echinochloa walteri, FACW
Eleocharis atropurpurea, FACW
Eleocharis bifida, FACW
Eleocharis diandra, FACW
Eleocharis elliptica, FACW
Eleocharis engelmannii, FACW
Eleocharis geniculata, FACW
Eleocharis intermedia, FACW
Eleocharis lanceolata, FACW
Eleocharis melanocarpa, FACW
Eleocharis montevidensis, FACW
Eleocharis occulta, FACW
Eleocharis tenuis, FACW
Eleocharis tortilis, FACW
Elymus riparius, FACW
Elymus virginicus, FACW
Epilobium coloratum, FACW
Epilobium hirsutum, FACW
Equisetum X, FACW
Equisetum X, FACW
Equisetum hyemale, FACW
Equisetum laevigatum, FACW
Equisetum pratense, FACW
Equisetum sylvaticum, FACW
Equisetum variegatum, FACW
Eragrostis elliottii, FACW
Eragrostis frankii, FACW
Eragrostis refracta, FACW
Eragrostis reptans, FACW
Erigeron quercifolius, FACW
Eriochloa punctata, FACW
Eryngium hookeri, FACW
Eryngium integrifolium, FACW
Eubotrys racemosa, FACW
Eupatorium leptophyllum, FACW
Eupatorium leucolepis, FACW
Eupatorium perfoliatum, FACW
Eupatorium pilosum, FACW
Eupatorium semiserratum, FACW
Euphorbia serpens, FACW
Eurybia paludosa, FACW
Eustoma exaltatum, FACW
Euthamia leptocephala, FACW
Eutrochium dubium, FACW
Eutrochium fistulosum, FACW
Eutrochium maculatum, FACW
Filipendula rubra, FACW
Filipendula ulmaria, FACW
Fimbristylis annua, FACW
Fimbristylis autumnalis, FACW
Fimbristylis decipiens, FACW
Fimbristylis tomentosa, FACW
Fothergilla gardenii, FACW
Fraxinus nigra, FACW
Fraxinus pennsylvanica, FACW
Galium obtusum, FACW
Galium trifidum, FACW
Gaultheria hispidula, FACW
Gentiana andrewsii, FACW
Gentiana autumnalis, FACW
Gentiana clausa, FACW
Gentiana latidens, FACW
Gentiana saponaria, FACW
Gentianopsis virgata, FACW
Glinus lotoides, FACW
Glinus radiatus, FACW
Glyceria declinata, FACW
Glyceria laxa, FACW
Gonolobus suberosus, FACW
Gordonia lasianthus, FACW
Gratiola brevifolia, FACW
Gratiola ramosa, FACW
Habenaria quinqueseta, FACW
Helenium autumnale, FACW
Helenium microcephalum, FACW
Helenium vernale, FACW
Helianthus angustifolius, FACW
Helianthus floridanus, FACW
Helianthus giganteus, FACW
Helianthus grosseserratus, FACW
Helianthus nuttallii, FACW
Helianthus simulans, FACW
Heliotropium procumbens, FACW
Hemarthria altissima, FACW
Hexastylis sorriei, FACW
Hexastylis speciosa, FACW
Hibiscus aculeatus, FACW
Hopia obtusa, FACW
Huperzia lucidula, FACW
Hydrocotyle bonariensis, FACW
Hydrocotyle sibthorpioides, FACW
Hypericum X, FACW
Hypericum brachyphyllum, FACW
Hypericum canadense, FACW
Hypericum cistifolium, FACW
Hypericum densiflorum, FACW
Hypericum denticulatum, FACW
Hypericum fasciculatum, FACW
Hypericum majus, FACW
Hypericum mutilum, FACW
Hypericum nudiflorum, FACW
Hypoxis curtissii, FACW
Hypoxis juncea, FACW
Hypoxis rigida, FACW
Ilex cassine, FACW
Ilex collina, FACW
Ilex coriacea, FACW
Ilex cuthbertii, FACW
Ilex decidua, FACW
Ilex myrtifolia, FACW
Ilex verticillata, FACW
Illicium floridanum, FACW
Illicium parviflorum, FACW
Impatiens capensis, FACW
Impatiens glandulifera, FACW
Impatiens pallida, FACW
Impatiens walleriana, FACW
Iodanthus pinnatifidus, FACW
Ipomoea lacunosa, FACW
Ipomoea sagittata, FACW
Ipomoea wrightii, FACW
Iresine rhizomatosa, FACW
Isoetes butleri, FACW
Isolepis carinata, FACW
Iva frutescens, FACW
Iva microcephala, FACW
Juncus anthelatus, FACW
Juncus brachycarpus, FACW
Juncus bufonius, FACW
Juncus compressus, FACW
Juncus coriaceus, FACW
Juncus dichotomus, FACW
Juncus diffusissimus, FACW
Juncus dudleyi, FACW
Juncus effusus, FACW
Juncus elliottii, FACW
Juncus filiformis, FACW
Juncus gerardii, FACW
Juncus inflexus, FACW
Juncus marginatus, FACW
Juncus scirpoides, FACW
Juncus torreyi, FACW
Juncus validus, FACW
Juncus vaseyi, FACW
Kalmia cuneata, FACW
Kyllinga brevifolia, FACW
Kyllinga odorata, FACW
Kyllinga pumila, FACW
Larix laricina, FACW
Lathyrus palustris, FACW
Lathyrus venosus, FACW
Leersia virginica, FACW
Leitneria pilosa, FACW
Lepuropetalon spathulatum, FACW
Leucothoe axillaris, FACW
Leucothoe fontanesiana, FACW
Lilium catesbaei, FACW
Lilium michiganense, FACW
Lilium superbum, FACW
Limnosciadium pinnatum, FACW
Lindernia procumbens, FACW
Linum striatum, FACW
Liparis loeselii, FACW
Lipocarpha aristulata, FACW
Lipocarpha micrantha, FACW
Lobelia cardinalis, FACW
Lobelia nuttallii, FACW
Lobelia puberula, FACW
Lobelia siphilitica, FACW
Lonicera villosa, FACW
Ludwigia alternifolia, FACW
Ludwigia maritima, FACW
Lycopodiella X, FACW
Lycopodiella alopecuroides, FACW
Lycopodiella appressa, FACW
Lycopodiella margueritae, FACW
Lygodium palmatum, FACW
Lyonia ligustrina, FACW
Lyonia lucida, FACW
Lysimachia ciliata, FACW
Lysimachia minima, FACW
Lysimachia nummularia, FACW
Lysimachia quadriflora, FACW
Lythrum alatum, FACW
Lythrum salicaria, FACW
Magnolia virginiana, FACW
Maianthemum stellatum, FACW
Malaxis monophyllos, FACW
Marshallia mohrii, FACW
Matteuccia struthiopteris, FACW
Mentha X, FACW
Mentha X, FACW
Mentha aquatica, FACW
Mentha arvensis, FACW
Mentha spicata, FACW
Mentha suaveolens, FACW
Mertensia virginica, FACW
Micranthes caroliniana, FACW
Mikania scandens, FACW
Minuartia godfreyi, FACW
Minuartia uniflora, FACW
Mitella nuda, FACW
Mitreola petiolata, FACW
Mitreola sessilifolia, FACW
Muhlenbergia asperifolia, FACW
Muhlenbergia expansa, FACW
Muhlenbergia glomerata, FACW
Muhlenbergia mexicana, FACW
Muhlenbergia torreyana, FACW
Myosoton aquaticum, FACW
Myosurus minimus, FACW
Nabalus racemosus, FACW
Nama jamaicense, FACW
Napaea dioica, FACW
Narthecium americanum, FACW
Narthecium montanum, FACW
Navarretia intertexta, FACW
Nemophila aphylla, FACW
Neottia bifolia, FACW
Neottia cordata, FACW
Neottia smallii, FACW
Neptunia oleracea, FACW
Nyssa biflora, FACW
Oclemena X, FACW
Oclemena nemoralis, FACW
Oldenlandia boscii, FACW
Oldenlandia uniflora, FACW
Onoclea sensibilis, FACW
Ophioglossum pusillum, FACW
Ophioglossum vulgatum, FACW
Orobanche riparia, FACW
Osmunda X, FACW
Osmundastrum cinnamomeum, FACW
Oxypolis ternata, FACW
Packera aurea, FACW
Packera pseudaurea, FACW
Packera schweinitziana, FACW
Packera tampicana, FACW
Panicum bisulcatum, FACW
Panicum dichotomiflorum, FACW
Panicum hemitomon, FACW
Panicum repens, FACW
Panicum verrucosum, FACW
Parathelypteris simulata, FACW
Paspalum bifidum, FACW
Paspalum boscianum, FACW
Paspalum distichum, FACW
Paspalum floridanum, FACW
Paspalum praecox, FACW
Paspalum scrobiculatum, FACW
Pedicularis lanceolata, FACW
Penstemon alluviorum, FACW
Penstemon tenuis, FACW
Persea borbonia, FACW
Persea palustris, FACW
Persicaria bicornis, FACW
Persicaria careyi, FACW
Persicaria lapathifolia, FACW
Persicaria maculosa, FACW
Persicaria pensylvanica, FACW
Petasites frigidus, FACW
Phacelia covillei, FACW
Phacelia ranunculacea, FACW
Phalaris angusta, FACW
Phalaris arundinacea, FACW
Phalaris brachystachys, FACW
Phalaris caroliniana, FACW
Phlox maculata, FACW
Phragmites australis, FACW
Phyla nodiflora, FACW
Physocarpus opulifolius, FACW
Physostegia angustifolia, FACW
Physostegia intermedia, FACW
Physostegia purpurea, FACW
Picea mariana, FACW
Pilea fontana, FACW
Pilea pumila, FACW
Pinckneya bracteata, FACW
Pinguicula lutea, FACW
Pinus elliottii, FACW
Pinus glabra, FACW
Piperia dilatata, FACW
Plagiobothrys hispidulus, FACW
Plantago elongata, FACW
Plantago maritima, FACW
Platanthera aquilonis, FACW
Platanthera ciliaris, FACW
Platanthera clavellata, FACW
Platanthera conspicua, FACW
Platanthera cristata, FACW
Platanthera fissa, FACW
Platanthera flava, FACW
Platanthera grandiflora, FACW
Platanthera lacera, FACW
Platanthera leucophaea, FACW
Platanthera macrophylla, FACW
Platanthera nivea, FACW
Platanthera psycodes, FACW
Platanus occidentalis, FACW
Pluchea baccharis, FACW
Pluchea camphorata, FACW
Pluchea odorata, FACW
Poa alsodes, FACW
Poa paludigena, FACW
Poa palustris, FACW
Poa sylvestris, FACW
Poa trivialis, FACW
Polemonium caeruleum, FACW
Polemonium vanbruntiae, FACW
Polygala brevifolia, FACW
Polygala cruciata, FACW
Polygala hookeri, FACW
Polygala lutea, FACW
Polygala mariana, FACW
Polygala ramosa, FACW
Polypogon interruptus, FACW
Polypogon monspeliensis, FACW
Polypogon viridis, FACW
Populus balsamifera, FACW
Portulaca halimoides, FACW
Potentilla rivalis, FACW
Pseudolycopodiella caroliniana, FACW
Ptilimnium costatum, FACW
Ptilimnium nuttallii, FACW
Puccinellia nutkaensis, FACW
Puccinellia tenella, FACW
Pycnanthemum flexuosum, FACW
Pycnanthemum tenuifolium, FACW
Quercus X, FACW
Quercus bicolor, FACW
Quercus laurifolia, FACW
Quercus michauxii, FACW
Quercus pagoda, FACW
Quercus palustris, FACW
Quercus similis, FACW
Ranunculus abortivus, FACW
Ranunculus flammula, FACW
Ranunculus muricatus, FACW
Rhapidophyllum hystrix, FACW
Rhexia alifanus, FACW
Rhexia cubensis, FACW
Rhexia lutea, FACW
Rhododendron canadense, FACW
Rhododendron canescens, FACW
Rhododendron viscosum, FACW
Rhynchospora colorata, FACW
Rhynchospora elliottii, FACW
Rhynchospora globularis, FACW
Rhynchospora inexpansa, FACW
Rhynchospora microcarpa, FACW
Rhynchospora microcephala, FACW
Rhynchospora nivea, FACW
Rhynchospora perplexa, FACW
Rhynchospora plumosa, FACW
Rhynchospora pusilla, FACW
Rhynchospora recognita, FACW
Rhynchospora stenophylla, FACW
Rhynchospora torreyana, FACW
Ribes americanum, FACW
Ribes aureum, FACW
Ribes glandulosum, FACW
Ribes lacustre, FACW
Rorippa curvipes, FACW
Rorippa indica, FACW
Rorippa sinuata, FACW
Rorippa sylvestris, FACW
Rorippa teres, FACW
Rosa nitida, FACW
Rubus bushii, FACW
Rubus hispidus, FACW
Rubus inclinis, FACW
Rubus pubescens, FACW
Rubus setosus, FACW
Rubus vigilis, FACW
Rubus wheeleri, FACW
Rudbeckia auriculata, FACW
Rudbeckia laciniata, FACW
Ruellia noctiflora, FACW
Rumex altissimus, FACW
Rumex floridanus, FACW
Rumex persicarioides, FACW
Rumex pulcher, FACW
Rumex triangulivalvis, FACW
Sabal minor, FACW
Sabatia campanulata, FACW
Sabatia macrophylla, FACW
Sabatia stellaris, FACW
Saccharum giganteum, FACW
Sacciolepis indica, FACW
Sagina procumbens, FACW
Salix X, FACW
Salix X, FACW
Salix X, FACW
Salix alba, FACW
Salix amygdaloides, FACW
Salix atrocinerea, FACW
Salix babylonica, FACW
Salix bebbiana, FACW
Salix cinerea, FACW
Salix discolor, FACW
Salix elaeagnos, FACW
Salix eriocephala, FACW
Salix famelica, FACW
Salix interior, FACW
Salix lucida, FACW
Salix myricoides, FACW
Salix petiolaris, FACW
Salix purpurea, FACW
Salix triandra, FACW
Salix viminalis, FACW
Sanguisorba canadensis, FACW
Schenkia spicata, FACW
Schizachyrium littorale, FACW
Schoenolirion albiflorum, FACW
Schoenoplectus deltarum, FACW
Scirpus atrocinctus, FACW
Scirpus cyperinus, FACW
Scleria georgiana, FACW
Scleria minor, FACW
Scutellaria integrifolia, FACW
Scutellaria lateriflora, FACW
Scutellaria ocmulgee, FACW
Selaginella apoda, FACW
Selaginella eclipes, FACW
Selaginella kraussiana, FACW
Senecio suaveolens, FACW
Sesbania drummondii, FACW
Sesuvium maritimum, FACW
Sesuvium portulacastrum, FACW
Setaria magna, FACW
Sideroxylon lycioides, FACW
Sisyrinchium angustifolium, FACW
Sisyrinchium atlanticum, FACW
Sisyrinchium capillare, FACW
Sisyrinchium sagittiferum, FACW
Solidago fistulosa, FACW
Solidago gigantea, FACW
Solidago sempervirens, FACW
Solidago stricta, FACW
Spartina patens, FACW
Spergularia media, FACW
Spermacoce glabra, FACW
Spiraea alba, FACW
Spiraea latifolia, FACW
Spiraea salicifolia, FACW
Spiraea tomentosa, FACW
Spiranthes cernua, FACW
Spiranthes lucida, FACW
Sporobolus pinetorum, FACW
Sporobolus teretifolius, FACW
Stachys aspera, FACW
Stachys hyssopifolia, FACW
Stachys pilosa, FACW
Stachys tenuifolia, FACW
Steinchisma hians, FACW
Stellaria borealis, FACW
Stellaria fontinalis, FACW
Stellaria longifolia, FACW
Stenandrium dulce, FACW
Stenanthium gramineum, FACW
Stylisma aquatica, FACW
Suaeda calceoliformis, FACW
Succisella inflexa, FACW
Symphyotrichum lanceolatum, FACW
Symphyotrichum lateriflorum, FACW
Symphyotrichum novae-angliae, FACW
Symphyotrichum novi-belgii, FACW
Symphyotrichum praealtum, FACW
Symphyotrichum racemosum, FACW
Symphyotrichum tradescantii, FACW
Syngonanthus flavidulus, FACW
Tamarix chinensis, FACW
Teucrium canadense, FACW
Thalictrum clavatum, FACW
Thalictrum dasycarpum, FACW
Thalictrum macrostylum, FACW
Thalictrum pubescens, FACW
Thelypteris kunthii, FACW
Thelypteris ovata, FACW
Thelypteris palustris, FACW
Thinopyrum pycnanthum, FACW
Thuja occidentalis, FACW
Thyrsanthella difformis, FACW
Tiedemannia filiformis, FACW
Tofieldia glabra, FACW
Trautvetteria caroliniensis, FACW
Trepocarpus aethusae, FACW
Tridens ambiguus, FACW
Tridens strictus, FACW
Trillium cernuum, FACW
Trillium pusillum, FACW
Tripsacum dactyloides, FACW
Ulmus americana, FACW
Urochloa mutica, FACW
Vaccinium corymbosum, FACW
Vaccinium elliottii, FACW
Vaccinium myrtilloides, FACW
Valeriana pauciflora, FACW
Vandenboschia boschiana, FACW
Veratrum virginicum, FACW
Veratrum viride, FACW
Verbena X, FACW
Verbena hastata, FACW
Verbena scabra, FACW
Vernonia lettermannii, FACW
Vernonia noveboracensis, FACW
Viburnum obovatum, FACW
Viburnum opulus, FACW
Vigna luteola, FACW
Viola X, FACW
Viola affinis, FACW
Viola blanda, FACW
Viola cucullata, FACW
Viola langloisii, FACW
Viola macloskeyi, FACW
Viola nephrophylla, FACW
Viola renifolia, FACW
Viola septemloba, FACW
Viola striata, FACW
Vitis X, FACW
Vitis cinerea, FACW
Vitis palmata, FACW
Vitis riparia, FACW
Wisteria frutescens, FACW
Woodwardia areolata, FACW
Xanthorhiza simplicissima, FACW
Xyris caroliniana, FACW
Yeatesia viridiflora, FACW
Zenobia pulverulenta, FACW
Zephyranthes atamasca, FACW